source,target
Rose,Abney Park Cemetery
Rose,Achene
Rose,Adonis
Rose,ADR rose
Rose,Aeolic Greek
Rose,Aerial stem modification
Rose,Aggregate fruit
Rose,Alabama
Rose,Alaska
Rose,Albrecht Dürer
Rose,Alcohol (chemistry)
Rose,Alister Clark Memorial Rose Garden
Rose,Alkane
Rose,All-America Rose Selections
Rose,All-American Rose Garden
Rose,Alternaria
Rose,"America (My Country, 'Tis of Thee)"
Rose,America the Beautiful
Rose,American bison
Rose,American Creed
Rose,American Garden Rose Selections
Rose,American Samoa
Rose,Anchors Aweigh
Rose,Ancient Greece
Rose,Annuit cœptis
Rose,Aphrodite
Rose,Apollo
Rose,Apuleius
Rose,Aquilegia coerulea
Rose,Arabia
Rose,Arachnid
Rose,Argyranthemum
Rose,Arizona
Rose,Arkansas
Rose,Aromantic
Rose,Artemis
Rose,Artemisia tridentata
Rose,Asclepias
Rose,Australian National Botanic Gardens
Rose,Australian Plant Name Index
Rose,Avalokiteśvara as Guide of Souls
Rose,Avestan language
Rose,Azalea
Rose,Ba-ra-kei: Ordeal by Roses
Rose,Baklava
Rose,Bald eagle
Rose,Bamboo
Rose,Bara (genre)
Rose,Barazoku
Rose,Barcode of Life Data System
Rose,Barfi
Rose,Barthélemy Charles Joseph Dumortier
Rose,Battle Cry of Freedom
Rose,Battle Hymn of the Republic
Rose,Beirut Rose
Rose,Berkeley Rose Garden
Rose,Bibcode (identifier)
Rose,Biological type
Rose,Bitterroot
Rose,Black rose symbolism
